"DESCRIPTION","DURATION IN MS","NAME","PARENT SUITE","START TIME","STATUS","STOP TIME","SUB SUITE","SUITE","TEST CLASS","TEST METHOD"
"Test one endpoint (one test per endpoint via parametrize ids).","270","test_endpoint[GET__local-servico]","tests","2026-09-07","passed","2026-09-07","TestAllEndpoints","test_all_endpoints","",""
"Test updating Classificacao Colaborador.","442","Update Classificacao Colaborador","tests.classificacao_colaborador","2026-09-07","failed","2026-09-07","TestUpdateClassificacaoColaborador","test_update","",""
"Test one endpoint (one test per endpoint via parametrize ids).","252","test_endpoint[GET__grupo-area_id_checklist]","tests","2026-09-07","passed","2026-09-07","TestAllEndpoints","test_all_endpoints","",""
"Test one endpoint (one test per endpoint via parametrize ids).","246","test_endpoint[POST__contrato]","tests","2026-09-07","passed","2026-09-07","TestAllEndpoints","test_all_endpoints","",""
"Test one endpoint (one test per endpoint via parametrize ids).","279","test_endpoint[GET__classificacao-colaborador]","tests","2026-09-07","passed","2026-09-07","TestAllEndpoints","test_all_endpoints","",""
"Test one endpoint (one test per endpoint via parametrize ids).","216","test_endpoint[PUT__local-servico_id]","tests","2026-09-07","passed","2026-09-07","TestAllEndpoints","test_all_endpoints","",""
"Test one endpoint (one test per endpoint via parametrize ids).","217","test_endpoint[PUT__contrato_id]","tests","2026-09-07","passed","2026-09-07","TestAllEndpoints","test_all_endpoints","",""
"Test deleting Classificacao Colaborador.","410","Delete Classificacao Colaborador","tests.classificacao_colaborador","2026-09-07","failed","2026-09-07","TestDeleteClassificacaoColaborador","test_delete","",""
"Test one endpoint (one test per endpoint via parametrize ids).","197","test_endpoint[GET__parametros_legacy-systems]","tests","2026-09-07","passed","2026-09-07","TestAllEndpoints","test_all_endpoints","",""
"Test one endpoint (one test per endpoint via parametrize ids).","214","test_endpoint[PUT__grupo-faturamento_id]","tests","2026-09-07","passed","2026-09-07","TestAllEndpoints","test_all_endpoints","",""
"Test one endpoint (one test per endpoint via parametrize ids).","291","test_endpoint[POST__contratada-contrato]","tests","2026-09-07","passed","2026-09-07","TestAllEndpoints","test_all_endpoints","",""
"Test one endpoint (one test per endpoint via parametrize ids).","254","test_endpoint[GET__risco_id]","tests","2026-09-07","passed","2026-09-07","TestAllEndpoints","test_all_endpoints","",""
"Test one endpoint (one test per endpoint via parametrize ids).","675","test_endpoint[DELETE__objeto-analise-tipo-especifico_id]","tests","2026-09-07","failed","2026-09-07","TestAllEndpoints","test_all_endpoints","",""
"Test one endpoint (one test per endpoint via parametrize ids).","213","test_endpoint[PUT__contratada_id]","tests","2026-09-07","passed","2026-09-07","TestAllEndpoints","test_all_endpoints","",""
"Test one endpoint (one test per endpoint via parametrize ids).","216","test_endpoint[DELETE__sub-familia_id]","tests","2026-09-07","passed","2026-09-07","TestAllEndpoints","test_all_endpoints","",""
"Test one endpoint (one test per endpoint via parametrize ids).","214","test_endpoint[POST__grupo-contratante]","tests","2026-09-07","passed","2026-09-07","TestAllEndpoints","test_all_endpoints","",""
"Test one endpoint (one test per endpoint via parametrize ids).","215","test_endpoint[PUT__contratada-contrato_id]","tests","2026-09-07","passed","2026-09-07","TestAllEndpoints","test_all_endpoints","",""
"Test one endpoint (one test per endpoint via parametrize ids).","297","test_endpoint[GET__contratada]","tests","2026-09-07","passed","2026-09-07","TestAllEndpoints","test_all_endpoints","",""
"Test getting all Contratadas.","208","Get all Contratadas","tests.contratada","2026-09-07","passed","2026-09-07","TestGetAllContratada","test_get_all","",""
"Test one endpoint (one test per endpoint via parametrize ids).","211","test_endpoint[PUT__unidade-contratante_id]","tests","2026-09-07","passed","2026-09-07","TestAllEndpoints","test_all_endpoints","",""
"Test one endpoint (one test per endpoint via parametrize ids).","178","test_endpoint[GET__contratante_id_grupo-area_grupo-area-id]","tests","2026-09-07","passed","2026-09-07","TestAllEndpoints","test_all_endpoints","",""
"Test getting all Amostragem Grupo Area.","223","Get all Amostragem Grupo Area","tests.amostragem_grupo_area","2026-09-07","passed","2026-09-07","TestGetAllAmostragemGrupoArea","test_get_all","",""
"Test getting Contratada by ID.","538","Get Contratada by ID","tests.contratada","2026-09-07","passed","2026-09-07","TestGetContratadaById","test_get_by_id","",""
"Test one endpoint (one test per endpoint via parametrize ids).","220","test_endpoint[PUT__avisos_id]","tests","2026-09-07","passed","2026-09-07","TestAllEndpoints","test_all_endpoints","",""
"Test one endpoint (one test per endpoint via parametrize ids).","241","test_endpoint[PUT__amostragem-grupo-area_id]","tests","2026-09-07","passed","2026-09-07","TestAllEndpoints","test_all_endpoints","",""
"Test one endpoint (one test per endpoint via parametrize ids).","206","test_endpoint[POST__avisos]","tests","2026-09-07","passed","2026-09-07","TestAllEndpoints","test_all_endpoints","",""
"Test one endpoint (one test per endpoint via parametrize ids).","236","test_endpoint[GET__grupo-area_id]","tests","2026-09-07","passed","2026-09-07","TestAllEndpoints","test_all_endpoints","",""
"Test one endpoint (one test per endpoint via parametrize ids).","344","test_endpoint[GET__contrato]","tests","2026-09-07","passed","2026-09-07","TestAllEndpoints","test_all_endpoints","",""
"Test getting Avisos do Operador Autenticado.","214","Get Avisos do Operador Autenticado","tests.avisos","2026-09-07","failed","2026-09-07","TestGetMeusAvisos","test_get_meus_avisos","",""
"Test one endpoint (one test per endpoint via parametrize ids).","228","test_endpoint[GET__unidade-contratante_id]","tests","2026-09-07","passed","2026-09-07","TestAllEndpoints","test_all_endpoints","",""
"Test one endpoint (one test per endpoint via parametrize ids).","255","test_endpoint[POST__events_type]","tests","2026-09-07","passed","2026-09-07","TestAllEndpoints","test_all_endpoints","",""
"Test updating Area.","418","Update Area","tests.area","2026-09-07","failed","2026-09-07","TestUpdateArea","test_update","",""
"Test one endpoint (one test per endpoint via parametrize ids).","281","test_endpoint[GET__objeto-analise-tipo-especifico_id]","tests","2026-09-07","passed","2026-09-07","TestAllEndpoints","test_all_endpoints","",""
"Test one endpoint (one test per endpoint via parametrize ids).","274","test_endpoint[GET__objeto-analise_id]","tests","2026-09-07","passed","2026-09-07","TestAllEndpoints","test_all_endpoints","",""
"Test one endpoint (one test per endpoint via parametrize ids).","277","test_endpoint[GET__classificacao-colaborador_id]","tests","2026-09-07","passed","2026-09-07","TestAllEndpoints","test_all_endpoints","",""
"Test deleting Aviso.","204","Delete Aviso","tests.avisos","2026-09-07","skipped","2026-09-07","TestDeleteAvisos","test_delete","",""
"Test one endpoint (one test per endpoint via parametrize ids).","273","test_endpoint[PUT__area_id]","tests","2026-09-07","passed","2026-09-07","TestAllEndpoints","test_all_endpoints","",""
"Test one endpoint (one test per endpoint via parametrize ids).","223","test_endpoint[GET__grupo-area_id_grupo-faturamento]","tests","2026-09-07","passed","2026-09-07","TestAllEndpoints","test_all_endpoints","",""
"Test one endpoint (one test per endpoint via parametrize ids).","242","test_endpoint[GET__objeto-oficial_id]","tests","2026-09-07","passed","2026-09-07","TestAllEndpoints","test_all_endpoints","",""
"Test one endpoint (one test per endpoint via parametrize ids).","212","test_endpoint[DELETE__avisos_id]","tests","2026-09-07","passed","2026-09-07","TestAllEndpoints","test_all_endpoints","",""
"Test one endpoint (one test per endpoint via parametrize ids).","223","test_endpoint[DELETE__familia_id]","tests","2026-09-07","passed","2026-09-07","TestAllEndpoints","test_all_endpoints","",""
"Test creating Contratada.","195","Create Contratada","tests.contratada","2026-09-07","failed","2026-09-07","TestCreateContratada","test_create","",""
"Test one endpoint (one test per endpoint via parametrize ids).","220","test_endpoint[POST__grupo-faturamento]","tests","2026-09-07","passed","2026-09-07","TestAllEndpoints","test_all_endpoints","",""
"Test one endpoint (one test per endpoint via parametrize ids).","232","test_endpoint[POST__objeto-oficial]","tests","2026-09-07","passed","2026-09-07","TestAllEndpoints","test_all_endpoints","",""
"Test one endpoint (one test per endpoint via parametrize ids).","180","test_endpoint[PUT__contratante_id_familia]","tests","2026-09-07","passed","2026-09-07","TestAllEndpoints","test_all_endpoints","",""
"Test one endpoint (one test per endpoint via parametrize ids).","253","test_endpoint[GET__contratada-contrato_id]","tests","2026-09-07","passed","2026-09-07","TestAllEndpoints","test_all_endpoints","",""
"Test one endpoint (one test per endpoint via parametrize ids).","212","test_endpoint[POST__suporte_cartilha_upload_pasta]","tests","2026-09-07","passed","2026-09-07","TestAllEndpoints","test_all_endpoints","",""
"Test one endpoint (one test per endpoint via parametrize ids).","247","test_endpoint[GET__perfil-acesso]","tests","2026-09-07","passed","2026-09-07","TestAllEndpoints","test_all_endpoints","",""
"Test one endpoint (one test per endpoint via parametrize ids).","309","test_endpoint[GET__contrato_id_contratada_contratada_id_operadores]","tests","2026-09-07","passed","2026-09-07","TestAllEndpoints","test_all_endpoints","",""
"Test getting all Contratada Contrato.","205","Get all Contratada Contrato","tests.contratada_contrato","2026-09-07","skipped","2026-09-07","TestGetAllContratadaContrato","test_get_all","",""
"Test getting Area by ID.","522","Get Area by ID","tests.area","2026-09-07","passed","2026-09-07","TestGetAreaById","test_get_by_id","",""
"Test one endpoint (one test per endpoint via parametrize ids).","229","test_endpoint[POST__grupo-faturamento_grupoFaturamentoId_faixa-faturamento]","tests","2026-09-07","passed","2026-09-07","TestAllEndpoints","test_all_endpoints","",""
"Test one endpoint (one test per endpoint via parametrize ids).","209","test_endpoint[DELETE__suporte_cartilha_delete_pasta]","tests","2026-09-07","passed","2026-09-07","TestAllEndpoints","test_all_endpoints","",""
"Test one endpoint (one test per endpoint via parametrize ids).","247","test_endpoint[GET__grupo-contratante]","tests","2026-09-07","passed","2026-09-07","TestAllEndpoints","test_all_endpoints","",""
"Test one endpoint (one test per endpoint via parametrize ids).","234","test_endpoint[GET__area_id]","tests","2026-09-07","passed","2026-09-07","TestAllEndpoints","test_all_endpoints","",""
"Test updating Contratada.","399","Update Contratada","tests.contratada","2026-09-07","failed","2026-09-07","TestUpdateContratada","test_update","",""
"Test getting Grupo Area atrelados a Contratante.","385","Get Grupo Area atrelados a Contratante","tests.contratante","2026-09-07","failed","2026-09-07","TestGetContratanteGrupoArea","test_get_grupo_area","",""
"Test one endpoint (one test per endpoint via parametrize ids).","257","test_endpoint[PUT__grupo-area_id_grupo-faturamento]","tests","2026-09-07","passed","2026-09-07","TestAllEndpoints","test_all_endpoints","",""
"Test one endpoint (one test per endpoint via parametrize ids).","253","test_endpoint[GET__contratante]","tests","2026-09-07","passed","2026-09-07","TestAllEndpoints","test_all_endpoints","",""
"Test getting all Contratos.","219","Get all Contratos","tests.contrato","2026-09-07","passed","2026-09-07","TestGetAllContrato","test_get_all","",""
"Test one endpoint (one test per endpoint via parametrize ids).","298","test_endpoint[DELETE__amostragem-grupo-area_id]","tests","2026-09-07","passed","2026-09-07","TestAllEndpoints","test_all_endpoints","",""
"Test one endpoint (one test per endpoint via parametrize ids).","474","test_endpoint[POST__events_pre-process-status_type]","tests","2026-09-07","passed","2026-09-07","TestAllEndpoints","test_all_endpoints","",""
"Test deleting Contratante.","688","Delete Contratante","tests.contratante","2026-09-07","failed","2026-09-07","TestDeleteContratante","test_delete","",""
"Test one endpoint (one test per endpoint via parametrize ids).","180","test_endpoint[GET__contratante_id_familia]","tests","2026-09-07","passed","2026-09-07","TestAllEndpoints","test_all_endpoints","",""
"Test updating Contratada Contrato.","204","Update Contratada Contrato","tests.contratada_contrato","2026-09-07","skipped","2026-09-07","TestUpdateContratadaContrato","test_update","",""
"Test one endpoint (one test per endpoint via parametrize ids).","238","test_endpoint[GET__local-servico_id]","tests","2026-09-07","passed","2026-09-07","TestAllEndpoints","test_all_endpoints","",""
"Test one endpoint (one test per endpoint via parametrize ids).","6458","test_endpoint[GET__video-cast]","tests","2026-09-07","passed","2026-09-07","TestAllEndpoints","test_all_endpoints","",""
"Test getting Amostragem Grupo Area by ID.","466","Get Amostragem Grupo Area by ID","tests.amostragem_grupo_area","2026-09-07","passed","2026-09-07","TestGetAmostragemGrupoAreaById","test_get_by_id","",""
"Test getting all Avisos.","215","Get all Avisos","tests.avisos","2026-09-07","skipped","2026-09-07","TestGetAllAvisos","test_get_all","",""
"Test deleting Contratada.","429","Delete Contratada","tests.contratada","2026-09-07","failed","2026-09-07","TestDeleteContratada","test_delete","",""
"Test one endpoint (one test per endpoint via parametrize ids).","278","test_endpoint[GET__contratada-contrato]","tests","2026-09-07","passed","2026-09-07","TestAllEndpoints","test_all_endpoints","",""
"Test getting Objetos de Mobilização do Grupo de Area atrelados a Contratante.","386","Get Objetos de Mobilização do Grupo de Area atrelados a Contratante","tests.contratante","2026-09-07","failed","2026-09-07","TestGetContratanteGrupoAreaById","test_get_grupo_area_by_id","",""
"Test one endpoint (one test per endpoint via parametrize ids).","225","test_endpoint[GET__risco]","tests","2026-09-07","passed","2026-09-07","TestAllEndpoints","test_all_endpoints","",""
"Test getting Operadores da Contratada do Contrato.","426","Get Operadores da Contratada do Contrato","tests.contrato","2026-09-07","failed","2026-09-07","TestGetContratoOperadores","test_get_operadores","",""
"Test one endpoint (one test per endpoint via parametrize ids).","213","test_endpoint[POST__sub-familia]","tests","2026-09-07","passed","2026-09-07","TestAllEndpoints","test_all_endpoints","",""
"Test one endpoint (one test per endpoint via parametrize ids).","219","test_endpoint[PUT__grupo-area_id_calendario]","tests","2026-09-07","passed","2026-09-07","TestAllEndpoints","test_all_endpoints","",""
"Test one endpoint (one test per endpoint via parametrize ids).","207","test_endpoint[POST__operador]","tests","2026-09-07","passed","2026-09-07","TestAllEndpoints","test_all_endpoints","",""
"Test one endpoint (one test per endpoint via parametrize ids).","223","test_endpoint[POST__risco]","tests","2026-09-07","passed","2026-09-07","TestAllEndpoints","test_all_endpoints","",""
"Test deleting Amostragem Grupo Area.","424","Delete Amostragem Grupo Area","tests.amostragem_grupo_area","2026-09-07","passed","2026-09-07","TestDeleteAmostragemGrupoArea","test_delete","",""
"Test getting Classificacao Colaborador by ID.","436","Get Classificacao Colaborador by ID","tests.classificacao_colaborador","2026-09-07","passed","2026-09-07","TestGetClassificacaoColaboradorById","test_get_by_id","",""
"Test partial updating Contratada.","403","Patch Contratada","tests.contratada","2026-09-07","failed","2026-09-07","TestPatchContratada","test_patch","",""
"Test one endpoint (one test per endpoint via parametrize ids).","890","test_endpoint[GET__suporte_cartilha]","tests","2026-09-07","passed","2026-09-07","TestAllEndpoints","test_all_endpoints","",""
"Test one endpoint (one test per endpoint via parametrize ids).","278","test_endpoint[GET__grupo-area_id_calendario]","tests","2026-09-07","passed","2026-09-07","TestAllEndpoints","test_all_endpoints","",""
"Test one endpoint (one test per endpoint via parametrize ids).","431","test_endpoint[POST__contratante]","tests","2026-09-07","passed","2026-09-07","TestAllEndpoints","test_all_endpoints","",""
"Test one endpoint (one test per endpoint via parametrize ids).","231","test_endpoint[DELETE__grupo-area_id]","tests","2026-09-07","passed","2026-09-07","TestAllEndpoints","test_all_endpoints","",""
"Test updating Aviso.","200","Update Aviso","tests.avisos","2026-09-07","skipped","2026-09-07","TestUpdateAvisos","test_update","",""
"Test one endpoint (one test per endpoint via parametrize ids).","219","test_endpoint[POST__operador_vinculo]","tests","2026-09-07","passed","2026-09-07","TestAllEndpoints","test_all_endpoints","",""
"Test one endpoint (one test per endpoint via parametrize ids).","225","test_endpoint[DELETE__operador_vinculo_OperadorContratadaContratoId]","tests","2026-09-07","passed","2026-09-07","TestAllEndpoints","test_all_endpoints","",""
"Test one endpoint (one test per endpoint via parametrize ids).","822","test_endpoint[PUT__objeto-analise-tipo-especifico_id]","tests","2026-09-07","passed","2026-09-07","TestAllEndpoints","test_all_endpoints","",""
"Test one endpoint (one test per endpoint via parametrize ids).","221","test_endpoint[POST__unidade-contratante]","tests","2026-09-07","passed","2026-09-07","TestAllEndpoints","test_all_endpoints","",""
"Test getting all Areas.","214","Get all Areas","tests.area","2026-09-07","passed","2026-09-07","TestGetAllArea","test_get_all","",""
"Test one endpoint (one test per endpoint via parametrize ids).","242","test_endpoint[GET__familia_id]","tests","2026-09-07","passed","2026-09-07","TestAllEndpoints","test_all_endpoints","",""
"Test deleting Area.","431","Delete Area","tests.area","2026-09-07","failed","2026-09-07","TestDeleteArea","test_delete","",""
"Test getting all Classificacao Colaborador.","202","Get all Classificacao Colaborador","tests.classificacao_colaborador","2026-09-07","passed","2026-09-07","TestGetAllClassificacaoColaborador","test_get_all","",""
"Test pre-process status endpoint.","180","Pre-process status event","tests","2026-09-07","failed","2026-09-07","TestEvents","test_events","",""
"Test one endpoint (one test per endpoint via parametrize ids).","473","test_endpoint[GET__video-cast_id]","tests","2026-09-07","passed","2026-09-07","TestAllEndpoints","test_all_endpoints","",""
"Test one endpoint (one test per endpoint via parametrize ids).","177","test_endpoint[PUT__contratante_id_grupo-area]","tests","2026-09-07","passed","2026-09-07","TestAllEndpoints","test_all_endpoints","",""
"Test updating Grupo Area IDs atrelados a Contratante.","382","Update Grupo Area IDs atrelados a Contratante","tests.contratante","2026-09-07","failed","2026-09-07","TestUpdateContratanteGrupoArea","test_update_grupo_area","",""
"Test one endpoint (one test per endpoint via parametrize ids).","274","test_endpoint[GET__area]","tests","2026-09-07","passed","2026-09-07","TestAllEndpoints","test_all_endpoints","",""
"Test updating Amostragem Grupo Area.","439","Update Amostragem Grupo Area","tests.amostragem_grupo_area","2026-09-07","failed","2026-09-07","TestUpdateAmostragemGrupoArea","test_update","",""
"Test getting Familia IDs atrelados a Contratante.","384","Get Familia IDs atrelados a Contratante","tests.contratante","2026-09-07","failed","2026-09-07","TestGetContratanteFamilia","test_get_familia","",""
"Test one endpoint (one test per endpoint via parametrize ids).","220","test_endpoint[POST__familia]","tests","2026-09-07","passed","2026-09-07","TestAllEndpoints","test_all_endpoints","",""
"Test creating Contratada Contrato.","203","Create Contratada Contrato","tests.contratada_contrato","2026-09-07","failed","2026-09-07","TestCreateContratadaContrato","test_create","",""
"Test getting Contratante by ID.","1058","Get Contratante by ID","tests.contratante","2026-09-07","passed","2026-09-07","TestGetContratanteById","test_get_by_id","",""
"Test one endpoint (one test per endpoint via parametrize ids).","5419","test_endpoint[GET__parametros_contatos]","tests","2026-09-07","passed","2026-09-07","TestAllEndpoints","test_all_endpoints","",""
"Test one endpoint (one test per endpoint via parametrize ids).","238","test_endpoint[GET__unidade-contratante]","tests","2026-09-07","passed","2026-09-07","TestAllEndpoints","test_all_endpoints","",""
"Test one endpoint (one test per endpoint via parametrize ids).","332","test_endpoint[PUT__contratante_id]","tests","2026-09-07","passed","2026-09-07","TestAllEndpoints","test_all_endpoints","",""
"Verify login endpoint returns a bearer token.","3419","Should login and return a valid token","tests","2026-09-07","passed","2026-09-07","TestAuth","test_auth","",""
"Test one endpoint (one test per endpoint via parametrize ids).","684","test_endpoint[POST__objeto-analise-tipo-especifico]","tests","2026-09-07","passed","2026-09-07","TestAllEndpoints","test_all_endpoints","",""
"Test one endpoint (one test per endpoint via parametrize ids).","252","test_endpoint[GET__operador]","tests","2026-09-07","passed","2026-09-07","TestAllEndpoints","test_all_endpoints","",""
"Test updating Contratante.","412","Update Contratante","tests.contratante","2026-09-07","failed","2026-09-07","TestUpdateContratante","test_update","",""
"Test one endpoint (one test per endpoint via parametrize ids).","281","test_endpoint[POST__area]","tests","2026-09-07","passed","2026-09-07","TestAllEndpoints","test_all_endpoints","",""
"Test one endpoint (one test per endpoint via parametrize ids).","228","test_endpoint[GET__grupo-contratante_id]","tests","2026-09-07","passed","2026-09-07","TestAllEndpoints","test_all_endpoints","",""
"Test one endpoint (one test per endpoint via parametrize ids).","298","test_endpoint[DELETE__area_id]","tests","2026-09-07","passed","2026-09-07","TestAllEndpoints","test_all_endpoints","",""
"Test one endpoint (one test per endpoint via parametrize ids).","222","test_endpoint[POST__classificacao-colaborador]","tests","2026-09-07","passed","2026-09-07","TestAllEndpoints","test_all_endpoints","",""
"Test one endpoint (one test per endpoint via parametrize ids).","286","test_endpoint[GET__objeto-analise-tipo-especifico]","tests","2026-09-07","passed","2026-09-07","TestAllEndpoints","test_all_endpoints","",""
"Test one endpoint (one test per endpoint via parametrize ids).","244","test_endpoint[GET__avisos]","tests","2026-09-07","passed","2026-09-07","TestAllEndpoints","test_all_endpoints","",""
"Test one endpoint (one test per endpoint via parametrize ids).","226","test_endpoint[GET__sub-familia_id]","tests","2026-09-07","passed","2026-09-07","TestAllEndpoints","test_all_endpoints","",""
"Test one endpoint (one test per endpoint via parametrize ids).","230","test_endpoint[POST__grupo-area]","tests","2026-09-07","passed","2026-09-07","TestAllEndpoints","test_all_endpoints","",""
"Test updating Familia IDs atrelados a Contratante.","382","Update Familia IDs atrelados a Contratante","tests.contratante","2026-09-07","failed","2026-09-07","TestUpdateContratanteFamilia","test_update_familia","",""
"Test one endpoint (one test per endpoint via parametrize ids).","231","test_endpoint[DELETE__classificacao-colaborador_id]","tests","2026-09-07","passed","2026-09-07","TestAllEndpoints","test_all_endpoints","",""
"Test one endpoint (one test per endpoint via parametrize ids).","220","test_endpoint[DELETE__objeto-oficial_id]","tests","2026-09-07","passed","2026-09-07","TestAllEndpoints","test_all_endpoints","",""
"Test one endpoint (one test per endpoint via parametrize ids).","246","test_endpoint[DELETE__contratante_id]","tests","2026-09-07","passed","2026-09-07","TestAllEndpoints","test_all_endpoints","",""
"Test one endpoint (one test per endpoint via parametrize ids).","252","test_endpoint[GET__grupo-faturamento]","tests","2026-09-07","passed","2026-09-07","TestAllEndpoints","test_all_endpoints","",""
"Test one endpoint (one test per endpoint via parametrize ids).","215","test_endpoint[PUT__classificacao-colaborador_id]","tests","2026-09-07","passed","2026-09-07","TestAllEndpoints","test_all_endpoints","",""
"Test one endpoint (one test per endpoint via parametrize ids).","238","test_endpoint[GET__familia]","tests","2026-09-07","passed","2026-09-07","TestAllEndpoints","test_all_endpoints","",""
"Test updating Contrato.","406","Update Contrato","tests.contrato","2026-09-07","failed","2026-09-07","TestUpdateContrato","test_update","",""
"Test one endpoint (one test per endpoint via parametrize ids).","261","test_endpoint[GET__grupo-faturamento_id]","tests","2026-09-07","passed","2026-09-07","TestAllEndpoints","test_all_endpoints","",""
"Test getting all Contratantes.","219","Get all Contratantes","tests.contratante","2026-09-07","passed","2026-09-07","TestGetAllContratante","test_get_all","",""
"Test one endpoint (one test per endpoint via parametrize ids).","260","test_endpoint[GET__grupo-faturamento_grupoFaturamentoId_faixa-faturamento]","tests","2026-09-07","passed","2026-09-07","TestAllEndpoints","test_all_endpoints","",""
"Test one endpoint (one test per endpoint via parametrize ids).","15540","test_endpoint[GET__amostragem-grupo-area]","tests","2026-09-07","passed","2026-09-07","TestAllEndpoints","test_all_endpoints","",""
"Test creating Aviso.","195","Create Aviso","tests.avisos","2026-09-07","failed","2026-09-07","TestCreateAvisos","test_create","",""
"Test one endpoint (one test per endpoint via parametrize ids).","226","test_endpoint[DELETE__grupo-faturamento_grupoFaturamentoId_faixa-faturamento_id]","tests","2026-09-07","passed","2026-09-07","TestAllEndpoints","test_all_endpoints","",""
"Test one endpoint (one test per endpoint via parametrize ids).","256","test_endpoint[POST__objeto-analise]","tests","2026-09-07","passed","2026-09-07","TestAllEndpoints","test_all_endpoints","",""
"Test one endpoint (one test per endpoint via parametrize ids).","217","test_endpoint[PUT__grupo-area_id]","tests","2026-09-07","passed","2026-09-07","TestAllEndpoints","test_all_endpoints","",""
"Test one endpoint (one test per endpoint via parametrize ids).","222","test_endpoint[GET__suporte_cartilha_download_pasta]","tests","2026-09-07","passed","2026-09-07","TestAllEndpoints","test_all_endpoints","",""
"Test getting Aviso by ID.","212","Get Aviso by ID","tests.avisos","2026-09-07","skipped","2026-09-07","TestGetAvisosById","test_get_by_id","",""
"Test one endpoint (one test per endpoint via parametrize ids).","239","test_endpoint[GET__grupo-faturamento_grupoFaturamentoId_faixa-faturamento_id]","tests","2026-09-07","passed","2026-09-07","TestAllEndpoints","test_all_endpoints","",""
"Test getting Contrato by ID.","935","Get Contrato by ID","tests.contrato","2026-09-07","passed","2026-09-07","TestGetContratoById","test_get_by_id","",""
"Test one endpoint (one test per endpoint via parametrize ids).","422","test_endpoint[GET__amostragem-grupo-area_id]","tests","2026-09-07","passed","2026-09-07","TestAllEndpoints","test_all_endpoints","",""
"Test creating Area.","235","Create Area","tests.area","2026-09-07","failed","2026-09-07","TestCreateArea","test_create","",""
"Test one endpoint (one test per endpoint via parametrize ids).","208","test_endpoint[PUT__objeto-oficial_id]","tests","2026-09-07","passed","2026-09-07","TestAllEndpoints","test_all_endpoints","",""
"Test one endpoint (one test per endpoint via parametrize ids).","188","test_endpoint[POST__video-cast_callback]","tests","2026-09-07","passed","2026-09-07","TestAllEndpoints","test_all_endpoints","",""
"Test one endpoint (one test per endpoint via parametrize ids).","206","test_endpoint[PUT__risco_id]","tests","2026-09-07","passed","2026-09-07","TestAllEndpoints","test_all_endpoints","",""
"Test one endpoint (one test per endpoint via parametrize ids).","443","test_endpoint[GET__contrato_id]","tests","2026-09-07","passed","2026-09-07","TestAllEndpoints","test_all_endpoints","",""
"Test one endpoint (one test per endpoint via parametrize ids).","536","test_endpoint[DELETE__objeto-analise_id]","tests","2026-09-07","passed","2026-09-07","TestAllEndpoints","test_all_endpoints","",""
"Test creating Classificacao Colaborador.","283","Create Classificacao Colaborador","tests.classificacao_colaborador","2026-09-07","passed","2026-09-07","TestCreateClassificacaoColaborador","test_create","",""
"Test deleting Contrato.","418","Delete Contrato","tests.contrato","2026-09-07","failed","2026-09-07","TestDeleteContrato","test_delete","",""
"Test one endpoint (one test per endpoint via parametrize ids).","224","test_endpoint[DELETE__local-servico_id]","tests","2026-09-07","passed","2026-09-07","TestAllEndpoints","test_all_endpoints","",""
"Test one endpoint (one test per endpoint via parametrize ids).","225","test_endpoint[PUT__objeto-analise_id]","tests","2026-09-07","passed","2026-09-07","TestAllEndpoints","test_all_endpoints","",""
"Test one endpoint (one test per endpoint via parametrize ids).","227","test_endpoint[PATCH__contratada_id]","tests","2026-09-07","passed","2026-09-07","TestAllEndpoints","test_all_endpoints","",""
"Test creating Contrato.","197","Create Contrato","tests.contrato","2026-09-07","failed","2026-09-07","TestCreateContrato","test_create","",""
"Test one endpoint (one test per endpoint via parametrize ids).","212","test_endpoint[PUT__grupo-contratante_id]","tests","2026-09-07","passed","2026-09-07","TestAllEndpoints","test_all_endpoints","",""
"Test one endpoint (one test per endpoint via parametrize ids).","226","test_endpoint[DELETE__grupo-faturamento_id]","tests","2026-09-07","passed","2026-09-07","TestAllEndpoints","test_all_endpoints","",""
"Test one endpoint (one test per endpoint via parametrize ids).","272","test_endpoint[GET__perfil-acesso_id]","tests","2026-09-07","passed","2026-09-07","TestAllEndpoints","test_all_endpoints","",""
"Test one endpoint (one test per endpoint via parametrize ids).","580","test_endpoint[GET__contratante_id]","tests","2026-09-07","passed","2026-09-07","TestAllEndpoints","test_all_endpoints","",""
"Test one endpoint (one test per endpoint via parametrize ids).","234","test_endpoint[GET__avisos_meus-avisos]","tests","2026-09-07","passed","2026-09-07","TestAllEndpoints","test_all_endpoints","",""
"Test creating an event.","233","Create Event","tests","2026-09-07","failed","2026-09-07","TestEvents","test_events","",""
"Test creating Contratante.","208","Create Contratante","tests.contratante","2026-09-07","failed","2026-09-07","TestCreateContratante","test_create","",""
"Test one endpoint (one test per endpoint via parametrize ids).","217","test_endpoint[POST__local-servico]","tests","2026-09-07","passed","2026-09-07","TestAllEndpoints","test_all_endpoints","",""
"Test getting Contratada Contrato by ID.","202","Get Contratada Contrato by ID","tests.contratada_contrato","2026-09-07","skipped","2026-09-07","TestGetContratadaContratoById","test_get_by_id","",""
"Test one endpoint (one test per endpoint via parametrize ids).","239","test_endpoint[DELETE__risco_id]","tests","2026-09-07","failed","2026-09-07","TestAllEndpoints","test_all_endpoints","",""
"Test one endpoint (one test per endpoint via parametrize ids).","251","test_endpoint[GET__objeto-analise]","tests","2026-09-07","passed","2026-09-07","TestAllEndpoints","test_all_endpoints","",""
"Test one endpoint (one test per endpoint via parametrize ids).","237","test_endpoint[GET__objeto-oficial]","tests","2026-09-07","passed","2026-09-07","TestAllEndpoints","test_all_endpoints","",""
"Test one endpoint (one test per endpoint via parametrize ids).","226","test_endpoint[DELETE__unidade-contratante_id]","tests","2026-09-07","passed","2026-09-07","TestAllEndpoints","test_all_endpoints","",""
"Test one endpoint (one test per endpoint via parametrize ids).","285","test_endpoint[GET__avisos_id]","tests","2026-09-07","passed","2026-09-07","TestAllEndpoints","test_all_endpoints","",""
"Test one endpoint (one test per endpoint via parametrize ids).","257","test_endpoint[POST__contratada]","tests","2026-09-07","passed","2026-09-07","TestAllEndpoints","test_all_endpoints","",""
"Test deleting Contratada Contrato.","203","Delete Contratada Contrato","tests.contratada_contrato","2026-09-07","skipped","2026-09-07","TestDeleteContratadaContrato","test_delete","",""
"Test creating Amostragem Grupo Area.","209","Create Amostragem Grupo Area","tests.amostragem_grupo_area","2026-09-07","failed","2026-09-07","TestCreateAmostragemGrupoArea","test_create","",""
"Test one endpoint (one test per endpoint via parametrize ids).","205","test_endpoint[PUT__sub-familia_id]","tests","2026-09-07","passed","2026-09-07","TestAllEndpoints","test_all_endpoints","",""
"Test one endpoint (one test per endpoint via parametrize ids).","349","test_endpoint[POST__amostragem-grupo-area]","tests","2026-09-07","passed","2026-09-07","TestAllEndpoints","test_all_endpoints","",""
"Test one endpoint (one test per endpoint via parametrize ids).","550","test_endpoint[DELETE__contrato_id]","tests","2026-09-07","passed","2026-09-07","TestAllEndpoints","test_all_endpoints","",""
"Test one endpoint (one test per endpoint via parametrize ids).","224","test_endpoint[PUT__grupo-faturamento_grupoFaturamentoId_faixa-faturamento_id]","tests","2026-09-07","passed","2026-09-07","TestAllEndpoints","test_all_endpoints","",""
"Test one endpoint (one test per endpoint via parametrize ids).","256","test_endpoint[DELETE__contratada_id]","tests","2026-09-07","passed","2026-09-07","TestAllEndpoints","test_all_endpoints","",""
"Test one endpoint (one test per endpoint via parametrize ids).","232","test_endpoint[GET__sub-familia]","tests","2026-09-07","passed","2026-09-07","TestAllEndpoints","test_all_endpoints","",""
"Test one endpoint (one test per endpoint via parametrize ids).","261","test_endpoint[GET__grupo-area]","tests","2026-09-07","passed","2026-09-07","TestAllEndpoints","test_all_endpoints","",""
"Test one endpoint (one test per endpoint via parametrize ids).","250","test_endpoint[GET__contratada_id]","tests","2026-09-07","passed","2026-09-07","TestAllEndpoints","test_all_endpoints","",""
"Test one endpoint (one test per endpoint via parametrize ids).","221","test_endpoint[DELETE__grupo-contratante_id]","tests","2026-09-07","passed","2026-09-07","TestAllEndpoints","test_all_endpoints","",""
"Test one endpoint (one test per endpoint via parametrize ids).","180","test_endpoint[GET__contratante_id_grupo-area]","tests","2026-09-07","passed","2026-09-07","TestAllEndpoints","test_all_endpoints","",""
"Test one endpoint (one test per endpoint via parametrize ids).","211","test_endpoint[PUT__familia_id]","tests","2026-09-07","passed","2026-09-07","TestAllEndpoints","test_all_endpoints","",""
"Test one endpoint (one test per endpoint via parametrize ids).","251","test_endpoint[DELETE__contratada-contrato_id]","tests","2026-09-07","passed","2026-09-07","TestAllEndpoints","test_all_endpoints","",""
